ImageId,ClassId,EncodedPixels
000a4bcdd.jpg,1,37607 3 37858 8 38108 14 38359 20 38610 25 38863 28 39119 28 39375 29 39631 29 39887 29 40143 29 40399 29 40655 30 40911 30 41167 30 41423 30 41679 31 41935 31 42191 31 42447 31 42703 31 42960 31 43216 31 43472 31 43728 31 43984 31 44240 32 44496 32 44752 32 45008 32 45264 33 45520 33 45776 33 46032 33 46288 33 46544 34 46803 31 47065 25 47327 19 47588 15 47850 9 48112 3 62667 12 62923 23 63179 23 63348 3 63435 23 63604 7 63691 23 63860 11 63947 23 64116 15 64203 23 64372 19 64459 23 64628 24 64715 23 64884 28 64971 23 65139 33 65227 23 65395 37 65483 23 65651 41 65740 22 65907 45 65996 22 66163 48 66252 22 66419 48 66508 22 66675 48 66764 22 66931 48 67020 22 67187 48 67276 20 67443 48 67532 16 67699 48 67788 13 67955 48 68044 9 68210 49 68300 6 68466 49 68556 2 68722 50 68978 50 69234 50 69490 50 69746 50 70009 43 70277 31 70545 19 70813 7 73363 5 73619 14 73875 23 74131 31 74387 40 74643 45 74899 46 75155 46 75411 47 75667 47 75923 48 76179 49 76435 49 76691 50 76947 50 77203 50 77459 50 77715 50 77971 50 78227 50 78483 50 78739 50 78995 50 79251 50 79507 50 79763 50 80019 50 80275 50 80531 50 80789 48 81048 45 81308 41 81567 38 81826 35 82085 32 82345 28 82604 23 82863 18 83122 13 83382 7 83641 2 86637 16 86893 31 87149 31 87405 31 87661 31 87917 32 88173 32 88429 32 88685 32 88941 32 89197 32 89453 32 89709 32 89965 33 90221 33 90306 35 90477 33 90562 35 90733 33 90818 35 90989 16 91074 35 91330 35 91586 35 91842 35 92098 35 92354 35 92610 35 92866 35 93122 35 93378 35 93635 34 93891 34 94147 34 94403 34 94659 34 94915 34 95171 34 95427 34 95623 9 95683 30 95879 18 95939 24 96135 18 96195 17 96390 19 96451 10 96646 19 96707 4 96902 20 97158 20 97414 20 97670 20 97925 21 98181 21 98437 22 98693 22 98949 22 99205 22 99460 23 99716 23 99972 24 100228 24 100484 24 100739 25 100995 25 101251 25 101507 26 101763 26 101820 5 102019 26 102076 13 102274 27 102332 18 102530 27 102587 19 102786 26 102843 20 103042 26 103099 20 103298 26 103355 20 103554 26 103611 20 103809 27 103866 22 104065 26 104122 22 104321 26 104378 22 104579 24 104634 21 104837 22 104889 22 105095 19 105145 22 105354 16 105401 21 105612 14 105657 21 105870 12 105913 20 106128 10 106168 21 106387 6 106424 15 106645 4 106680 5 106903 2 111614 3 111864 9 112114 15 112364 21 112440 8 112617 24 112696 22 112873 24 112952 36 113129 24 113208 43 113385 24 113464 43 113641 24 113720 43 113897 24 113976 43 114153 24 114232 43 114409 24 114488 43 114665 24 114744 43 114921 24 115000 43 115177 24 115256 43 115433 24 115512 43 115689 24 115768 43 115945 24 116024 43 116201 24 116280 43 116457 24 116536 43 116713 24 116792 43 116969 24 117048 43 117225 24 117310 37 117493 12 117576 27 117843 16 118109 6
0a21ce787.jpg,3,49895 3 50146 8 50397 14 50648 19 50899 24 51150 30 51401 35 51654 39 51910 39 52167 38 52423 39 52679 39 52936 38 53192 39 53448 39 53705 39 53961 39 54217 39 54474 39 54730 39 54986 39 55243 39 55499 39 55755 40 56012 39 56268 39 56524 40 56781 39 57037 39 57293 40 57550 39 57806 40 58062 40 58319 38 58575 37 58831 36 59088 33 59344 32 59600 31 59857 29 60113 28 60369 27 60626 25 60882 23 61138 22 61395 20 61651 19 61907 18 62164 16 62420 14 62676 13 62933 11 63189 10 63445 9 63702 7 63958 6 64214 4 64471 2 64727 1
0a26aceb2.jpg,3,19347 4 19595 12 19843 20 20091 28 20339 36 20591 39 20847 39 21103 39 21359 39 21615 39 21871 39 22127 39 22383 39 22639 38 22895 38 23151 38 23407 38 23473 5 23663 38 23729 13 23919 38 23985 21 24175 38 24240 30 24431 38 24496 34 24687 38 24752 34 24943 37 25008 34 25199 37 25264 33 25455 37 25520 33 25711 37 25775 34 25967 37 26031 34 26223 37 26287 34 26479 37 26543 34 26735 37 26799 33 26991 36 27055 33 27247 36 27310 34 27503 36 27566 34 27759 36 27822 34 28015 36 28078 34 28270 37 28334 33 28526 37 28590 33 28782 37 28845 34 29038 37 29101 34 29294 36 29357 34 29550 36 29613 33 29806 36 29869 33 30062 36 30124 34 30318 36 30380 34 30574 36 30636 34 30830 36 30892 34 31086 36 31148 33 31342 35 31404 33 31598 35 31659 34 31854 35 31915 34 32110 35 32171 34 32366 35 32427 34 32622 35 32683 34 32878 35 32939 33 33134 35 33194 34 33390 35 33450 34 33646 34 33706 34 33902 34 33962 34 34158 34 34218 34 34414 34 34474 34 34670 34 34729 35 34926 34 34985 35 35182 34 35241 34 35438 34 35497 34 35694 33 35753 34 35955 28 36008 35 36219 20 36264 35 36483 12 36520 35 36747 4 36776 35 37032 35 37288 35 37543 35 37799 35 38055 35 38311 35 38567 35 38823 35 39078 36 39334 36 39590 36 39846 35 40102 35 40358 35 40613 36 40869 36 41125 36 41381 36 41638 35 41894 35 42151 34 42407 34 42663 35 42920 34 43176 34 43432 34 43689 33 43945 33 44202 32 44458 32 44714 32 44971 31 45227 31 45483 31 45740 31 45996 31 46253 30 46509 30 46766 29 47022 29 47279 28 47535 28 47792 27 48048 27 48305 26 48561 26 48818 25 49074 26 49331 25 49587 25 49844 24 50100 24 50357 23 50613 23 50870 22 51126 22 51383 21 51639 21 51896 20 52152 21 52409 20 52665 20 52922 19 53178 19 53435 18 53691 18 53948 16 54204 15 54461 13 54717 12 54974 10 55230 9 55487 7 55743 6 56000 4 56256 3 56513 1 58526 3 58777 8 59028 13 59278 19 59529 24 59780 29 60031 34 60284 37 60540 37 60796 37 61052 37 61308 37 61564 38 61819 39 62075 39 62331 39 62587 39 62843 39 63099 39 63355 39 63611 39 63867 39 64123 39 64379 39 64634 40 64890 40 65146 40 65402 40 65658 40 65914 40 66170 40 66426 40 66682 40 66938 40 67194 40 67449 42 67705 42 67961 42 68217 42 68473 42 68729 42 68985 42 69241 42 69497 42 69753 42 70009 42 70264 43 70520 43 70776 43 71032 43 71288 43 71544 43 71800 43 72056 43 72312 43 72568 43 72824 43 73079 44 73335 44 73591 45 73847 45 74103 45 74359 45 74615 45 74871 45 75127 45 75383 45 75639 45 75896 44 76152 44 76408 44 76664 44 76920 44 77176 44 77432 44 77688 44 77944 44 78200 44 78457 43 78713 43 78969 43 79225 43 79481 44 79737 44 79993 44 80249 44 80505 44 80761 44 81017 44 81274 43 81530 43 81786 43 82042 43 82298 43 82554 41 82810 38 83066 35 83322 33 83578 30 83834 27 84091 25 84347 25 84603 25 84859 25 85115 25 85371 25 85627 25 85883 25 86139 25 86395 25 86652 24 86908 24 87164 24 87420 24 87676 24 87932 24 88188 24 88444 24 88700 24 88956 24 89212 24 89469 23 89725 23 89981 23 90237 23 90493 23 90749 23 91005 23 91261 23 91517 23 91773 23 92030 22 92286 22 92542 22 92762 2 92798 22 93018 5 93054 22 93274 8 93310 22 93531 11 93568 20 93787 14 93827 17 94043 17 94086 14 94299 20 94345 11 94555 23 94604 8 94811 26 94863 5 95068 29 95122 2 95324 32 95580 35 95836 37 96092 38 96349 37 96605 38 96861 38 97117 39 97373 39 97630 39 97861 10 97886 39 98107 20 98142 40 98363 20 98398 40 98619 20 98654 41 98875 20 98910 41 99131 20 99167 41 99387 20 99423 41 99643 20 99679 42 99899 20 99935 42 100155 20 100191 43 100411 20 100448 43 100667 20 100704 43 100923 20 100960 44 101179 20 101216 44 101435 20 101472 45 101691 20 101728 45 101947 20 101985 45 102203 20 102241 45 102459 20 102497 46 102715 20 102753 46 102971 20 103009 47 103227 20 103266 46 103483 20 103522 47 103739 20 103778 47 103995 20 104034 48 104251 20 104290 48 104507 20 104546 48 104763 21 104803 47 105020 20 105059 47 105276 20 105315 47 105532 20 105571 47 105788 20 105827 47 106044 20 106084 46 106300 20 106340 46 106556 20 106596 46 106812 20 106852 46 107068 20 107108 46 107324 20 107365 45 107580 20 107621 45 107836 20 107877 45 108092 20 108133 45 108348 20 108389 45 108604 20 108645 45 108860 20 108902 44 109116 20 109158 44 109372 20 109414 44 109628 20 109670 44 109884 20 109926 44 110140 20 110183 43 110396 20 110439 43 110652 20 110695 43 110908 20 110951 43 111164 20 111207 43 111420 20 111463 43 111676 20 111720 42 111932 20 111976 42 112188 20 112232 42 112444 20 112488 42 112700 20 112744 42 112956 20 113001 41 113212 20 113257 41 113468 20 113513 41 113724 20 113769 41 113980 20 114025 41 114236 20 114281 40 114492 20 114538 39 114748 20 114794 39 115004 20 115050 39 115260 20 115306 39 115516 20 115562 39 115772 20 115819 38 116028 20 116075 38 116284 20 116331 38 116540 20 116587 38 116796 20 116843 38 117052 20 117100 37 117308 20 117356 37 117564 20 117612 25 117643 6 117820 20 117868 25 118076 20 118124 25 118332 20 118380 26 118589 20 118637 25 118845 20 118893 25 119101 20 119149 25 119357 20 119406 24 119500 2 119613 20 119662 24 119754 5 119869 20 119919 23 120008 7 120125 20 120175 24 120262 10 120381 20 120432 23 120516 12 120637 20 120688 23 120769 16 120893 20 120945 22 121023 18 121149 20 121202 21 121277 21 121405 20 121458 21 121531 24 121661 20 121715 20 121785 26 121917 20 121971 21 122039 29 122173 20 122228 20 122295 29 122429 20 122484 20 122552 29 122685 20 122741 19 122808 30 122941 20 122998 18 123064 30 123197 20 123254 18 123321 30 123453 20 123511 17 123577 30 123709 20 123767 18 123834 30 123965 20 124014 2 124024 17 124090 30 124221 20 124269 4 124280 17 124346 31 124477 20 124525 4 124537 16 124603 31 124733 20 124781 5 124794 15 124859 31 124989 20 125038 5 125051 14 125115 32 125245 20 125294 5 125309 12 125372 31 125501 20 125550 6 125566 12 125628 32 125757 20 125806 7 125823 11 125884 33 126013 20 126062 7 126080 10 126141 32 126269 20 126319 7 126337 9 126397 33 126525 20 126575 8 126595 7 126654 32 126781 20 126831 8 126852 6 126910 33 127037 20 127087 9 127109 5 127166 33 127293 20 127344 9 127366 5 127423 33 127549 20 127600 10 127623 4 127679 34 127805 20 127856 10 127881 2 127935 34 128061 20 128112 11 128138 1 128192 34 128317 20 128368 12 128448 34 128573 20 128625 11 128704 35 128829 20 128881 12 128961 34 129085 20 129137 13 129217 35 129341 20 129393 13 129474 34 129597 20 129649 14 129730 34 129853 20 129906 13 129986 35 130109 20 130162 13 130243 34 130365 20 130418 13 130499 34 130621 20 130674 13 130755 35 130877 20 130930 13 131012 34 131133 20 131187 12 131268 34 131389 20 131443 12 131524 34 131645 20 131699 11 131781 34 131902 19 131955 11 132037 34 132158 20 132212 10 132294 33 132414 20 132468 10 132550 34 132670 20 132724 10 132806 34 132926 20 132980 10 133063 33 133182 20 133236 10 133319 34 133438 20 133493 10 133575 34 133694 20 133749 11 133832 33 133950 20 134005 12 134088 34 134206 20 134261 13 134344 34 134462 20 134517 14 134601 33 134718 20 134773 14 134857 34 134974 20 135029 15 135113 34 135230 20 135286 14 135370 33 135486 20 135542 14 135626 33 135742 20 135798 15 135883 33 135998 20 136054 15 136139 33 136254 20 136310 15 136395 33 136510 20 136566 16 136652 33 136766 20 136822 16 136908 33 137022 20 137078 17 137164 33 137278 20 137334 17 137421 33 137534 20 137591 16 137677 33 137790 20 137847 17 137933 33 138046 20 138103 17 138190 33 138302 20 138359 17 138446 33 138558 20 138615 18 138703 32 138824 10 138871 18 138959 33 139127 18 139215 33 139383 19 139472 32 139639 19 139728 32 139896 18 139984 33 140152 19 140241 32 140408 19 140497 32 140664 20 140753 33 140920 20 141010 32 141176 20 141266 32 141432 21 141523 32 141688 21 141779 32 141944 21 142035 32 142201 21 142292 32 142457 21 142548 32 142713 21 142804 33 142969 22 143061 32 143225 22 143317 33 143481 22 143573 33 143737 23 143830 33 143993 23 144086 33 144249 23 144343 33 144506 23 144599 33 144762 23 144855 33 145018 23 145112 33 145274 24 145368 33 145530 24 145624 34 145786 24 145881 33 146043 24 146137 34 146299 24 146393 34 146555 25 146649 35 146811 25 146906 34 147068 24 147162 34 147324 25 147418 35 147580 25 147675 34 147836 25 147931 35 148093 25 148187 35 148349 25 148444 35 148605 25 148700 35 148861 26 148956 36 149118 25 149212 36 149374 25 149469 36 149630 26 149725 36 149886 26 149981 36 150143 25 150238 35 150399 26 150494 35 150655 26 150750 35 150911 27 151006 35 151168 26 151263 34 151424 26 151519 34 151680 27 151775 34 151936 27 152032 33 152193 27 152288 33 152449 27 152544 33 152705 28 152800 33 152961 28 153057 32 153218 27 153313 32 153474 28 153569 32 153730 28 153826 31 153986 29 154082 31 154243 28 154338 31 154499 28 154595 30 154755 29 154851 30 155011 29 155107 30 155268 29 155363 30 155524 29 155620 29 155780 30 155876 29 156036 30 156132 29 156293 29 156389 28 156549 29 156645 28 156805 29 156901 28 157061 29 157157 28 157318 29 157414 27 157574 29 157670 27 157830 29 157926 27 158086 29 158182 27 158343 28 158439 26 158599 28 158695 26 158855 28 158951 26 159111 28 159207 26 159368 28 159464 25 159624 28 159720 25 159880 28 159976 25 160136 28 160232 25 160393 27 160489 24 160649 27 160745 24 160905 27 161001 24 161161 27 161257 24 161418 27 161514 23 161674 27 161770 23 161930 27 162026 23 162186 27 162283 22 162443 26 162539 22 162699 26 162795 22 162955 26 163051 22 163211 26 163308 21 163468 25 163564 21 163724 25 163820 21 163980 26 164076 21 164235 27 164333 20 164491 27 164589 20 164747 27 164845 20 165003 27 165101 20 165258 28 165358 19 165514 28 165614 19 165770 28 165870 19 166025 29 166126 19 166281 29 166383 18 166537 29 166639 18 166793 29 166895 18 167048 30 167151 18 167304 30 167408 17 167560 31 167664 17 167815 32 167920 17 168071 32 168176 17 168327 32 168433 16 168582 33 168689 15 168838 33 168945 15 169094 33 169202 14 169350 33 169458 14 169605 34 169714 14 169861 34 169970 14 170117 34 170227 13 170372 35 170483 13 170628 35 170739 13 170884 36 170995 13 171140 36 171252 12 171395 37 171508 12 171651 37 171764 12 171907 37 172020 12 172164 36 172277 11 172420 36 172533 11 172676 36 172789 11 172933 35 173045 11 173189 35 173302 10 173445 36 173558 10 173702 35 173814 10 173958 35 174070 10 174214 35 174327 9 174471 34 174583 9 174727 34 174984 34 175240 34 175496 34 175753 33 176009 33 176265 33 176522 32 176778 33 177034 33 177290 33 177546 33 177801 34 178057 34 178313 34 178569 35 178825 35 179081 35 179336 36 179592 36 179848 36 180104 37 180360 37 180616 37 180871 38 181127 38 181383 38 181639 38 181895 38 182151 38 182406 40 182662 40 182918 40 183174 40 183430 40 183686 40 183941 41 184197 41 184453 41 184709 41 184966 40 185222 40 185479 40 185735 40 185992 39 186248 39 186505 38 186761 38 187018 37 187275 36 187531 36 187788 35 188044 35 188301 34 188557 35 188814 34 189070 34 189327 33 189583 33 189840 32 190097 31 190208 1 190353 31 190463 2 190610 31 190718 3 190866 31 190973 4 191123 30 191228 5 191379 30 191484 5 191636 29 191739 6 191892 30 191995 6 192149 29 192250 7 192405 29 192506 7 192660 30 192762 7 192916 31 193017 8 193172 31 193273 8 193428 31 193528 9 193683 32 193784 9 193939 32 194040 9 194195 33 194295 10 194451 33 194551 10 194706 34 194806 11 194962 34 195062 11 195218 34 195317 12 195474 35 195573 12 195729 36 195829 12 195985 36 196084 13 196241 36 196340 13 196497 36 196595 14 196754 36 196851 14 197010 36 197107 14 197266 36 197363 14 197522 36 197619 14 197779 36 197875 14 198035 36 198131 14 198291 36 198387 14 198547 36 198643 14 198804 35 198898 15 199060 36 199154 15 199316 36 199410 15 199572 36 199666 15 199829 35 199922 15 200085 35 200178 15 200341 35 200434 15 200597 36 200690 15 200854 35 200946 15 201110 35 201202 15 201366 35 201458 15 201622 35 201714 15 201879 34 201970 15 202135 35 202226 15 202391 35 202482 15 202647 35 202738 15 202904 34 202993 16 203160 34 203249 16 203416 34 203505 16 203672 35 203761 16 203929 34 204017 16 204185 34 204273 16 204441 34 204529 16 204697 34 204785 16 204954 33 205041 16 205210 34 205297 16 205466 34 205553 16 205722 34 205809 16 205979 33 206065 16 206235 33 206321 16 206491 33 206577 16 206747 34 206833 16 207004 33 207088 17 207260 33 207344 17 207516 33 207600 17 207772 33 207856 17 208029 32 208112 17 208285 33 208368 17 208541 33 208624 17 208797 33 208880 17 209054 32 209136 17 209310 32 209392 17 209566 32 209648 17 209822 33 209904 17 210079 32 210160 17 210335 32 210416 17 210591 32 210672 17 210847 32 210927 18 211104 31 211183 18 211360 32 211439 18 211616 32 211695 18 211872 32 211951 18 212129 31 212207 18 212385 31 212463 18 212641 31 212719 18 212897 32 212975 18 213154 31 213231 18 213410 31 213487 18 213666 31 213743 18 213922 31 213999 18 214179 30 214255 18 214435 31 214511 18 214691 31 214767 18 214947 31 215022 19 215204 30 215278 19 215460 30 215534 19 215716 30 215790 19 215973 29 216046 19 216229 29 216302 19 216485 28 216558 19 216741 28 216814 19 216998 27 217070 19 217254 27 217326 19 217510 27 217582 19 217766 27 217838 19 218023 26 218094 19 218279 26 218350 19 218535 26 218606 19 218792 25 218861 20 219048 24 219117 20 219304 24 219373 20 219560 24 219629 20 219817 23 219885 20 220073 23 220141 20 220329 23 220397 20 220585 23 220653 20 220842 22 220909 20 221098 22 221165 20 221354 22 221421 20 221611 20 221677 20 221867 20 221933 20 222123 20 222189 20 222379 20 222445 20 222636 19 222701 20 222892 19 222956 21 223148 19 223212 21 223404 20 223468 21 223661 19 223724 21 223916 20 223980 21 224170 22 224236 21 224424 25 224492 21 224678 27 224748 21 224932 29 225004 21 225186 31 225260 21 225440 33 225516 21 225694 36 225772 21 225948 38 226028 21 226203 39 226284 21 226459 39 226540 21 226716 39 226796 21 226972 39 227051 22 227229 38 227307 22 227485 38 227563 22 227741 38 227819 22 227998 38 228075 22 228254 38 228331 22 228511 37 228587 22 228767 37 228843 22 229024 37 229099 22 229280 37 229355 22 229536 37 229611 22 229793 36 229867 22 230049 36 230122 23 230306 36 230378 23 230562 36 230634 23 230818 36 230890 23 231075 35 231146 23 231331 36 231402 23 231588 35 231658 23 231844 35 231914 23 232101 34 232169 24 232357 35 232425 24 232613 35 232681 24 232870 34 232937 24 233126 34 233193 24 233383 33 233449 24 233639 34 233705 24 233895 34 233961 24 234152 33 234216 25 234408 33 234472 25 234665 33 234728 25 234921 33 234984 25 235178 32 235240 25 235434 32 235496 25 235690 32 235752 25 235945 34 236008 25 236201 34 236263 26 236456 35 236519 26 236712 35 236775 26 236967 37 237031 26 237223 37 237287 26 237478 38 237543 26 237734 38 237799 26 237989 39 238055 26 238245 40 238310 27 238500 41 238566 27 238756 41 238822 26 239011 42 239078 26 239267 43 239334 26 239522 44 239590 26 239778 44 239846 25 240034 44 240102 25 240291 43 240357 26 240547 43 240613 26 240803 44 240869 26 241059 44 241125 25 241316 43 241381 25 241572 43 241637 25 241828 43 241893 25 242084 43 242149 24 242341 42 242405 24 242597 42 242660 25 242853 43 242916 25 243109 43 243172 25 243366 42 243428 24 243622 42 243684 24 243878 42 243940 24 244134 42 244196 24 244391 41 244452 24 244647 42 244707 24 244903 42 244963 24 245159 42 245219 24 245416 41 245475 24 245672 41 245731 23 245928 41 245987 23 246184 41 246243 23 246441 41 246499 23 246697 41 246754 24 246953 41 247010 23 247209 41 247266 23 247465 41 247522 23 247722 40 247778 23 247978 40 248034 22 248234 40 248290 22 248490 41 248546 22 248747 40 248801 23 249003 40 249057 23 249259 40 249313 22 249515 40 249569 22 249772 39 249825 22 250028 39 250081 22 250284 40 250337 21 250540 40 250593 21 250797 39 250848 22 251053 39 251104 22 251309 39 251360 22 251565 39 251616 21 251822 38 251872 21 252078 38 252128 21 252334 39 252384 21 252590 39 252640 21 252847 38 252896 20 253103 38 253151 21 253359 38 253407 21 253615 38 253663 21 253871 38 253919 20 254128 38 254175 20 254384 38 254431 20 254640 38 254687 20 254896 38 254943 20 255153 37 255198 20 255409 37 255454 20 255665 37 255710 20 255921 38 255966 20 256178 37 256222 19 256434 37 256478 19 256690 37 256734 19 256946 37 256990 19 257203 36 257245 20 257459 36 257501 19 257715 36 257757 19 257971 37 258013 19 258228 36 258269 19 258484 36 258525 18 258740 36 258781 18 258996 36 259037 18 259253 35 259292 19 259509 35 259548 19 259765 36 259804 18 260021 36 260060 18 260278 35 260316 18 260534 35 260572 18 260790 35 260828 17 261046 35 261084 17 261302 35 261339 18 261559 35 261595 18 261815 35 261851 18 262071 35 262107 17 262327 35 262363 17 262584 34 262619 17 262840 34 262875 17 263096 34 263131 17 263352 51 263609 50 263865 50 264121 50 264377 49 264634 48 264890 48 265146 48 265402 48 265659 46 265915 46 266171 46 266427 46 266684 44 266940 44 267196 44 267452 44 267708 44 267965 43 268221 42 268477 42 268733 42 268990 41 269246 41 269502 41 269758 41 270015 39 270271 39 270527 39 270783 39 271040 38 271296 38 271552 38 271808 37 272065 36 272321 36 272577 36 272833 36 273090 35 273346 34 273602 34 273858 34 274115 33 274371 33 274627 33 274882 34 275137 34 275392 35 275647 36 275902 37 276157 38 276412 39 276667 40 276922 40 277177 41 277432 42 277687 43 277942 44 278198 44 278454 45 278711 44 278967 44 279223 44 279479 44 279736 43 279992 44 280248 44 280504 44 280761 43 281017 43 281273 44 281529 44 281786 43 282042 43 282298 43 282554 43 282811 43 283067 43 283325 41 283583 39 283841 37 284099 36 284357 34 284615 32 284873 30 285131 28 285387 29 285643 29 285899 29 286155 29 286412 28 286668 28 286924 29 287180 29 287436 29 287692 29 287948 29 288204 30 288460 30 288716 30 288973 29 289229 29 289485 29 289741 30 289997 30 290253 30 290509 30 290765 30 291021 31 291278 30 291534 30 291790 30 292046 30 292302 30 292558 31 292814 31 293070 31 293326 31 293583 30 293839 31 294095 31 294351 31 294607 31 294863 31 295119 32 295375 32 295631 32 295887 32 296144 31 296400 31 296656 32 296912 32 297168 32 297424 32 297680 32 297936 33 298192 33 298449 32 298705 32 298961 32 299217 32 299473 33 299729 33 299985 33 300241 33 300497 33 300754 33 301010 33 301266 33 301522 33 301778 33 302034 34 302290 34 302546 34 302802 34 303058 34 303315 34 303571 34 303827 34 304083 34 304339 35 304595 35 304851 35 305108 34 305364 34 305620 35 305876 35 306133 34 306389 34 306645 34 306901 35 307158 34 307414 34 307670 34 307926 34 308182 35 308439 34 308695 34 308951 34 309207 34 309464 34 309720 34 309976 34 310232 34 310489 34 310745 34 311001 34 311257 34 311513 34 311770 34 312026 34 312282 34 312538 34 312795 33 313051 34 313307 34 313563 34 313820 33 314076 33 314332 34 314588 34 314844 34 315101 33 315357 33 315613 34 315869 34 316126 33 316382 33 316638 34 316894 34 317151 33 317407 33 317663 33 317919 34 318175 34 318432 33 318688 33 318944 33 319200 33 319457 32 319713 32 319969 32 320225 32 320482 31 320738 31 320994 31 321250 31 321506 31 321763 30 322019 30 322275 30 322531 30 322788 29 323044 29 323300 29 323556 29 323813 28 324069 28 324325 28 324581 28 324837 28 325094 27 325350 27 325606 27 325862 27 326118 27 326374 27 326631 26 326887 26 327143 26 327399 26 327655 26 327911 26 328168 25 328424 25 328680 25 328936 25 329192 25 329449 24 329705 24 329961 24 330217 24 330473 24 330729 24 330986 23 331242 23 331498 23 331754 23 332010 23 332267 22 332523 22 332779 22 333035 22 333291 22 333547 22 333804 21 334060 21 334316 21 334572 21 334828 21 335084 21 335341 20 335597 20 335853 20 336109 20 336365 20 336622 19 336878 19 337134 19 337390 19 337646 19 337902 19 338159 18 338415 18 338671 18 338927 18 339183 18 339439 18 339696 17 339952 17 340208 17 340464 17 340720 17 340977 16 341233 16 341489 16 341745 16 342001 16 342257 16 342514 15 342770 15 343026 15 343282 15 343538 15 343795 14 344051 14 344307 14 344563 14 344819 14 345075 14 345332 13 345588 13 345844 13 346100 13 346356 13 346612 13 346869 12 347125 12 347381 12 347637 12 347893 12 348150 11 348406 10 348662 10 348918 10 349174 10 349430 9 349687 8 349943 8 350199 8 350455 8 350711 7 350968 6 351224 6 351480 6 351736 5 351992 5 352248 5 352505 4 352761 4 353017 3 353273 3 353529 3 353785 3 354042 1 354298 1 354554 1
0a37f0a29.jpg,3,99068 4 99317 11 99567 17 99816 24 100068 28 100324 28 100580 28 100836 28 101091 29 101347 29 101603 29 101859 29 102115 29 102371 29 102626 30 102882 30 103138 30 103394 30 103650 30 103906 30 104162 30 104417 31 104673 31 104929 31 105185 31 105441 31 105697 31 105953 31 106208 32 106464 32 106720 32 106976 32 107232 32 107488 32 107743 33 107999 33 108255 33 108511 33 108767 33 109023 33 109279 33 109534 35 109790 35 110046 35 110302 35 110558 35 110814 35 111069 36 111325 36 111581 36 111837 36 112093 36 112349 36 112605 36 112860 37 113116 37 113372 37 113628 37 113884 37 114140 37 114395 38 114651 38 114907 38 115163 38 115419 38 115675 38 115931 38 116186 39 116442 39 116698 39 116954 39 117210 39 117466 39 117722 39 117977 40 118233 40 118489 40 118745 40 119001 40 119257 40 119512 41 119768 41 120024 41 120280 41 120536 41 120792 41 121048 41 121303 42 121559 42 121815 42 122071 42 122327 42 122583 42 122838 43 123094 43 123350 43 123606 43 123862 43 124118 43 124374 43 124629 44 124885 44 125141 44 125397 44 125653 44 125909 44 126164 45 126420 45 126676 45 126932 45 127188 45 127444 45 127700 45 127955 46 128211 46 128467 46 128723 46 128979 46 129235 46 129491 46 129746 47 130002 47 130258 47 130514 47 130770 47 131026 47 131281 48 131537 48 131793 48 132049 48 132305 48 132561 48 132817 48 133072 49 133328 49 133584 49 133840 49 134096 49 134352 49 134607 50 134863 50 135119 50 135375 50 135632 49 135889 48 136147 46 136404 45 136661 44 136918 43 137175 42 137433 40 137690 39 137947 38 138204 37 138462 35 138719 34 138976 33 139233 32 139490 31 139748 29 140005 28 140262 27 140519 26 140776 25 141034 23 141291 22 141547 22 141803 22 142059 22 142315 22 142530 2 142572 21 142786 5 142828 21 143041 10 143084 21 143297 13 143340 21 143553 16 143596 21 143809 20 143852 21 144064 24 144108 21 144320 27 144364 21 144576 31 144620 21 144832 34 144877 20 145087 38 145133 20 145343 42 145389 20 145599 45 145645 20 145854 67 146110 67 146366 67 146622 67 146877 68 147133 68 147389 68 147644 69 147900 69 148156 69 148412 69 148667 70 148923 70 149179 70 149435 70 149690 71 149946 71 150202 71 150457 72 150713 72 150969 72 151225 72 151480 73 151736 73 151992 73 152247 74 152503 74 152759 74 153015 74 153270 75 153526 75 153782 75 154038 75 154293 76 154549 76 154805 76 155060 77 155316 77 155572 77 155828 77 156083 78 156339 78 156594 78 156850 78 157105 79 157360 80 157615 81 157871 81 158126 82 158381 83 158636 84 158892 84 159147 85 159402 86 159657 87 159913 87 160168 88 160423 89 160678 90 160934 90 161189 91 161444 92 161699 93 161955 93 162210 94 162466 94 162722 94 162977 95 163233 95 163489 95 163745 95 164001 95 164257 95 164512 96 164768 96 165024 96 165280 96 165536 96 165791 97 166047 97 166303 97 166559 97 166815 97 167071 97 167326 98 167582 98 167838 98 168095 97 168351 97 168608 96 168865 95 169122 94 169378 94 169635 93 169892 93 170149 92 170405 92 170662 91 170919 90 171175 90 171432 89 171689 88 171946 87 172202 87 172459 86 172716 85 172973 84 173229 84 173486 83 173743 82 174000 81 174256 81 174513 80 174770 79 175026 79 175283 78 175540 77 175797 76 176053 76 176310 75 176567 74 176824 73 177080 73 177337 72 177594 71 177850 71 178107 70 178364 69 178621 68 178877 68 179134 67 179391 66 179648 65 179904 65 180161 64 180418 63 180674 63 180931 62 181188 61 181445 60 181701 60 181958 59 182215 58 182472 57 182728 57 182985 56 183242 55 183499 54 183755 54 184012 53 184269 52 184525 52 184782 51 185039 50 185296 49 185552 49 185809 48 186066 47 186323 46 186579 46 186836 45 187093 44 187349 44 187606 43 187863 42 188120 41 188376 41 188633 40 188890 39 189147 38 189403 38 189660 37 189917 36 190174 35 190430 35 190687 34 190944 33 191200 33 191457 32 191714 31 191971 30 192227 30 192484 29 192741 28 192998 22 193254 14 193511 5
0a4ad45a5.jpg,1,114647 32 114901 44 115155 46 115411 46 115667 46 115923 46 116179 46 116436 45 116692 45 116948 45 117204 45 117461 44 117719 42 117977 40 118235 37 118493 35 118752 30 119010 26 119280 10 119541 3 120212 10 120461 23 120717 30 120973 36 121229 40 121485 40 121741 40 121996 41 122252 41 122508 41 122764 41 123020 41 123280 37 123542 29 123804 19 124066 7 272983 14 273237 17 273492 18 273746 21 274001 22 274256 24 274511 25 274766 25 275010 37 275254 48 275511 47 275767 46 276024 45 276281 43 276537 42 276794 39 277051 37 277308 35 277564 33 277821 30 278078 22 278334 3 278591 1
0a5cff3a7.jpg,3,271287 1 271434 49 271541 5 271686 54 271795 9 271938 60 272049 12 272190 65 272303 16 272442 70 272557 20 272694 75 272811 23 272946 80 273066 26 273198 86 273320 30 273450 91 273574 33 273703 95 273828 37 273958 97 274082 41 274213 99 274336 45 274468 100 274590 48 274723 102 274845 51 274979 103 275102 52 275234 104 275358 53 275489 106 275615 54 275744 108 275871 56 275999 109 276128 56 276253 112 276384 58 276507 114 276641 59 276761 117 276897 60 277015 120 277154 61 277269 122 277410 63 277523 125 277667 63 277777 128 277923 62 278031 130 278180 61 278285 133 278436 60 278539 136 278693 58 278793 138 278949 58 279047 141 279206 56 279302 142 279462 55 279558 141 279719 54 279814 141 279975 53 280070 140 280232 52 280326 140 280488 51 280582 140 280745 49 280838 139 281001 49 281094 139 281258 47 281349 140 281515 45 281605 139 281773 43 281861 139 282031 40 282117 138 282289 37 282373 138 282547 35 282629 138 282805 32 282885 137 283063 29 283141 54 283210 68 283321 25 283400 48 283493 40 283578 23 283662 39 283775 14 283836 19 283923 30 284094 15 284185 21 284352 12 284446 13 284610 8 284708 4 284868 5 285126 1
0a8cb8ddf.jpg,1,73424 18 73663 35 73919 35 74175 35 74431 35 74687 35 74943 35 75199 35 75455 36 75711 36 75967 36 76223 36 76480 35 76736 35 76992 35 77248 35 77504 32 77760 27 78016 22 78272 17 78528 13 78784 8 79040 3 105205 11 105439 33 105684 44 105940 44 106196 44 106452 44 106695 1 106708 44 106951 2 106964 44 107206 3 107220 44 107462 4 107476 44 107624 8 107718 5 107732 44 107866 22 107973 6 107988 44 108114 30 108229 7 108244 44 108370 30 108485 7 108499 45 108626 30 108740 9 108755 45 108882 30 108996 10 109011 45 109138 31 109252 10 109267 45 109395 30 109508 11 109523 45 109651 30 109763 13 109779 45 109907 30 110019 13 110035 45 110163 30 110275 14 110291 45 110419 30 110530 16 110547 37 110675 30 110786 16 110803 22 110904 5 110931 30 111042 25 111150 15 111187 30 111297 18 111396 25 111443 30 111553 19 111642 35 111699 31 111809 20 111888 45 111956 30 112064 21 112134 55 112212 30 112319 23 112385 60 112468 30 112572 27 112641 60 112724 30 112825 30 112897 60 112980 15 113078 34 113153 60 113331 37 113409 60 113584 41 113665 60 113837 45 113921 60 114091 47 114177 60 114346 49 114433 60 114601 51 114689 60 114855 53 114945 60 115110 55 115201 60 115365 57 115457 57 115620 58 115713 52 115875 60 115969 47 116130 61 116225 42 116385 63 116481 37 116639 66 116737 32 116894 67 116993 28 117149 69 117249 23 117404 52 117505 18 117659 18 117761 13 118017 8 118273 3 120257 23 120513 23 120769 23 121025 24 121281 24 121537 24 121793 24 122049 25 122305 25 122561 25 122817 25 123073 26 123310 3 123329 26 123562 7 123585 26 123814 11 123843 24 124066 16 124103 21 124318 20 124363 17 124570 24 124623 13 124822 28 124883 9 125076 30 125143 6 125332 31 125403 2 125588 31 125844 31 126100 31 126356 31 126612 31 126868 32 127124 32 127380 32 127636 32 127892 32 128148 33 128404 33 128660 33 128916 24 129172 8 291486 6 291731 17 291976 28 292226 34 292482 34 292738 34 292994 34 293250 34 293506 34 293762 34 294018 34 294274 34 294530 34 294786 34 295042 34 295298 34 295554 34 295810 34 296066 34 296322 34 296578 34 296834 34 297090 34 297350 30 297612 24 297875 17 298138 10 298400 4 353143 2 353396 5 353648 9 353817 27 353901 12 354073 27 354154 15 354328 29 354407 18 354584 29 354659 22 354840 29 354912 25 355096 29 355166 27 355351 31 355422 27 355607 31 355677 28 355863 31 355933 28 356118 32 356188 29 356374 33 356444 29 356630 33 356699 30 356885 34 356955 30 357141 34 357210 31 357397 35 357466 31 357653 35 357722 31 357908 36 357977 32 358164 36 358233 32 358420 37 358488 30 358675 38 358744 26 358931 38 358999 23 359187 38 359255 18 359442 40 359510 15 359698 40 359766 10 359954 34 360021 7 360210 24 360277 3 360465 15 360721 5
0a9a7a6c7.jpg,3,238081 30 238337 89 238593 148 238849 178 239105 178 239361 178 239617 178 239873 178 240129 178 240385 178 240641 178 240897 178 241153 178 241409 178 241665 178 241921 178 242177 178 242433 179 242689 179 242945 179 243201 179 243457 179 243713 179 243969 179 244225 179 244481 179 244737 179 244993 179 245249 179 245505 179 245761 134 246017 45 310021 33 310277 97 310533 161 310789 193 311045 193 311300 194 311556 194 311812 194 312068 194 312324 194 312580 194 312836 194 313092 194 313347 194 313603 194 313859 194 314115 194 314371 194 314627 194 314883 194 315139 194 315394 195 315650 195 315906 195 316162 195 316418 194 316723 145 317075 49
0a9aaba9a.jpg,3,94062 13 94318 37 94573 62 94829 87 95084 112 95340 136 95596 149 95851 150 96107 150 96363 150 96618 151 96874 151 97129 152 97333 6060 103425 160 103681 96 103937 32 111361 32 111617 96 111873 160 112129 224 112385 21952 134401 64
